Dataset,Algorithm,F1_measure,Accuracy,Precision,Recall,TimeToken
HDFS,Drain,0.999982,0.997500,1.000000,0.999965,0:00:00.110613
HDFS,Spell,0.832180,0.653000,1.000000,0.712593,0:00:00.366617
HDFS,HLM_Parser_S,0.999982,0.997500,1.000000,0.999965,0:00:00.092952
HDFS,Drain_A,0.999982,0.997500,1.000000,0.999965,0:00:00.147512
HDFS,HLM_Parser,0.999982,0.997500,1.000000,0.999965,0:00:00.148582
